{"mean":{"confidence_interval":{"confidence_level":0.95,"lower_bound":3.1132619671991284,"upper_bound":3.1360954381858805},"point_estimate":3.1230210096184168,"standard_error":0.005903226459429483},"median":{"confidence_interval":{"confidence_level":0.95,"lower_bound":3.110071575281469,"upper_bound":3.1113239805387387},"point_estimate":3.110486720114762,"standard_error":0.000330374288999394},"median_abs_dev":{"confidence_interval":{"confidence_level":0.95,"lower_bound":0.0029712317259269535,"upper_bound":0.004783648056245032},"point_estimate":0.0040307217705737855,"standard_error":0.00048487183113269793},"slope":{"confidence_interval":{"confidence_level":0.95,"lower_bound":3.1132160006990905,"upper_bound":3.13988853015255},"point_estimate":3.1242878191740178,"standard_error":0.006899745092230086},"std_dev":{"confidence_interval":{"confidence_level":0.95,"lower_bound":0.017523127355646453,"upper_bound":0.09240190182231404},"point_estimate":0.05974518742072683,"standard_error":0.019662395794296274}}