{"mean":{"confidence_interval":{"confidence_level":0.95,"lower_bound":3.1083134830855164,"upper_bound":3.1129971738551263},"point_estimate":3.1101509878267963,"standard_error":0.0012550122742458808},"median":{"confidence_interval":{"confidence_level":0.95,"lower_bound":3.1070432086457145,"upper_bound":3.1088632391809528},"point_estimate":3.1076719121024325,"standard_error":0.00043677166278190805},"median_abs_dev":{"confidence_interval":{"confidence_level":0.95,"lower_bound":0.0021087562405882093,"upper_bound":0.003771725134114897},"point_estimate":0.0027043394037916733,"standard_error":0.0004062612673989881},"slope":{"confidence_interval":{"confidence_level":0.95,"lower_bound":3.108428236961199,"upper_bound":3.1101067557510214},"point_estimate":3.1092324203861024,"standard_error":0.00042913285050002586},"std_dev":{"confidence_interval":{"confidence_level":0.95,"lower_bound":0.0034588322821006803,"upper_bound":0.02077531115619166},"point_estimate":0.012598846298652213,"standard_error":0.005691206768905045}}