{"mean":{"confidence_interval":{"confidence_level":0.95,"lower_bound":3.1074588489033372,"upper_bound":3.1158396894595777},"point_estimate":3.110493962561142,"standard_error":0.0024431398022192},"median":{"confidence_interval":{"confidence_level":0.95,"lower_bound":3.10611120008793,"upper_bound":3.107669801791051},"point_estimate":3.1068712713363222,"standard_error":0.00034328614966435604},"median_abs_dev":{"confidence_interval":{"confidence_level":0.95,"lower_bound":0.0016881767947542331,"upper_bound":0.0031862378047869174},"point_estimate":0.0024546985032193706,"standard_error":0.00034486023031148907},"slope":{"confidence_interval":{"confidence_level":0.95,"lower_bound":3.107498857587851,"upper_bound":3.1090560139989956},"point_estimate":3.108251105213424,"standard_error":0.00039824895360815145},"std_dev":{"confidence_interval":{"confidence_level":0.95,"lower_bound":0.00305361162261656,"upper_bound":0.04175869866152769},"point_estimate":0.024575118449251438,"standard_error":0.013446816094458266}}