{"mean":{"confidence_interval":{"confidence_level":0.95,"lower_bound":3.1115580412055954,"upper_bound":3.135694377606647},"point_estimate":3.1208425122764707,"standard_error":0.006427312341578633},"median":{"confidence_interval":{"confidence_level":0.95,"lower_bound":3.108858451984235,"upper_bound":3.1114649446369276},"point_estimate":3.1102742052665517,"standard_error":0.0006085996453752326},"median_abs_dev":{"confidence_interval":{"confidence_level":0.95,"lower_bound":0.0034303798969061616,"upper_bound":0.005630634780834305},"point_estimate":0.004647991806263873,"standard_error":0.0005928417115927573},"slope":{"confidence_interval":{"confidence_level":0.95,"lower_bound":3.111439334741856,"upper_bound":3.1333699111384234},"point_estimate":3.118952968809275,"standard_error":0.006131963213751238},"std_dev":{"confidence_interval":{"confidence_level":0.95,"lower_bound":0.011592352297111063,"upper_bound":0.1063684339198273},"point_estimate":0.06413132094365355,"standard_error":0.02917873203125563}}